[{"model": "admin.logentry", "pk": 1, "fields": {"action_time": "2026-03-11T22:44:09.091Z", "user": 1, "content_type": 7, "object_id": "1", "object_repr": "Continental Business Press", "action_flag": 1, "change_message": "[{\"added\": {}}]"}}, {"model": "admin.logentry", "pk": 2, "fields": {"action_time": "2026-03-11T22:45:33.173Z", "user": 1, "content_type": 7, "object_id": "2", "object_repr": "Global Finance Media", "action_flag": 1, "change_message": "[{\"added\": {}}]"}}, {"model": "admin.logentry", "pk": 3, "fields": {"action_time": "2026-03-12T00:21:04.200Z", "user": 1, "content_type": 8, "object_id": "1", "object_repr": "Publication object (1)", "action_flag": 1, "change_message": "[{\"added\": {}}]"}}, {"model": "admin.logentry", "pk": 4, "fields": {"action_time": "2026-03-12T00:22:02.977Z", "user": 1, "content_type": 8, "object_id": "2", "object_repr": "Publication object (2)", "action_flag": 1, "change_message": "[{\"added\": {}}]"}}, {"model": "admin.logentry", "pk": 5, "fields": {"action_time": "2026-03-12T00:23:00.410Z", "user": 1, "content_type": 8, "object_id": "3", "object_repr": "Publication object (3)", "action_flag": 1, "change_message": "[{\"added\": {}}]"}}, {"model": "admin.logentry", "pk": 6, "fields": {"action_time": "2026-03-12T00:23:56.850Z", "user": 1, "content_type": 8, "object_id": "4", "object_repr": "Publication object (4)", "action_flag": 1, "change_message": "[{\"added\": {}}]"}}, {"model": "admin.logentry", "pk": 7, "fields": {"action_time": "2026-03-12T00:25:03.478Z", "user": 1, "content_type": 8, "object_id": "5", "object_repr": "Publication object (5)", "action_flag": 1, "change_message": "[{\"added\": {}}]"}}, {"model": "admin.logentry", "pk": 8, "fields": {"action_time": "2026-03-12T00:25:54.623Z", "user": 1, "content_type": 8, "object_id": "6", "object_repr": "Publication object (6)", "action_flag": 1, "change_message": "[{\"added\": {}}]"}}, {"model": "admin.logentry", "pk": 9, "fields": {"action_time": "2026-03-12T00:27:06.267Z", "user": 1, "content_type": 7, "object_id": "3", "object_repr": "Aurora Technology Media", "action_flag": 1, "change_message": "[{\"added\": {}}]"}}, {"model": "admin.logentry", "pk": 10, "fields": {"action_time": "2026-03-12T00:27:45.692Z", "user": 1, "content_type": 7, "object_id": "4", "object_repr": "Knowledge Research Institute Press", "action_flag": 1, "change_message": "[{\"added\": {}}]"}}, {"model": "admin.logentry", "pk": 11, "fields": {"action_time": "2026-03-12T00:28:50.317Z", "user": 1, "content_type": 8, "object_id": "7", "object_repr": "Publication object (7)", "action_flag": 1, "change_message": "[{\"added\": {}}]"}}, {"model": "admin.logentry", "pk": 12, "fields": {"action_time": "2026-03-12T00:29:34.883Z", "user": 1, "content_type": 8, "object_id": "8", "object_repr": "Publication object (8)", "action_flag": 1, "change_message": "[{\"added\": {}}]"}}, {"model": "admin.logentry", "pk": 13, "fields": {"action_time": "2026-03-12T00:30:25.852Z", "user": 1, "content_type": 8, "object_id": "9", "object_repr": "Publication object (9)", "action_flag": 1, "change_message": "[{\"added\": {}}]"}}, {"model": "admin.logentry", "pk": 14, "fields": {"action_time": "2026-03-12T00:31:26.643Z", "user": 1, "content_type": 8, "object_id": "10", "object_repr": "Publication object (10)", "action_flag": 1, "change_message": "[{\"added\": {}}]"}}, {"model": "admin.logentry", "pk": 15, "fields": {"action_time": "2026-03-12T00:32:15.341Z", "user": 1, "content_type": 8, "object_id": "11", "object_repr": "Publication object (11)", "action_flag": 1, "change_message": "[{\"added\": {}}]"}}, {"model": "admin.logentry", "pk": 16, "fields": {"action_time": "2026-03-12T00:33:09.117Z", "user": 1, "content_type": 8, "object_id": "12", "object_repr": "Publication object (12)", "action_flag": 1, "change_message": "[{\"added\": {}}]"}}, {"model": "admin.logentry", "pk": 17, "fields": {"action_time": "2026-03-12T00:33:52.144Z", "user": 1, "content_type": 7, "object_id": "5", "object_repr": "World News Network", "action_flag": 1, "change_message": "[{\"added\": {}}]"}}, {"model": "admin.logentry", "pk": 18, "fields": {"action_time": "2026-03-12T00:35:05.735Z", "user": 1, "content_type": 8, "object_id": "13", "object_repr": "Publication object (13)", "action_flag": 1, "change_message": "[{\"added\": {}}]"}}, {"model": "admin.logentry", "pk": 19, "fields": {"action_time": "2026-03-12T00:35:51.412Z", "user": 1, "content_type": 8, "object_id": "14", "object_repr": "Publication object (14)", "action_flag": 1, "change_message": "[{\"added\": {}}]"}}, {"model": "admin.logentry", "pk": 20, "fields": {"action_time": "2026-03-12T00:36:35.464Z", "user": 1, "content_type": 8, "object_id": "15", "object_repr": "Publication object (15)", "action_flag": 1, "change_message": "[{\"added\": {}}]"}}, {"model": "admin.logentry", "pk": 21, "fields": {"action_time": "2026-03-18T23:59:07.527Z", "user": 1, "content_type": 6, "object_id": "5", "object_repr": "thabo_editor", "action_flag": 3, "change_message": ""}}, {"model": "admin.logentry", "pk": 22, "fields": {"action_time": "2026-03-19T00:22:04.203Z", "user": 1, "content_type": 6, "object_id": "10", "object_repr": "zanele_editor", "action_flag": 2, "change_message": "[{\"changed\": {\"fields\": [\"Editor status\"]}}]"}}, {"model": "admin.logentry", "pk": 23, "fields": {"action_time": "2026-03-19T00:22:26.770Z", "user": 1, "content_type": 6, "object_id": "9", "object_repr": "aisha_editor", "action_flag": 2, "change_message": "[{\"changed\": {\"fields\": [\"Editor status\"]}}]"}}, {"model": "admin.logentry", "pk": 24, "fields": {"action_time": "2026-03-19T00:22:36.431Z", "user": 1, "content_type": 6, "object_id": "8", "object_repr": "jason_editor", "action_flag": 2, "change_message": "[{\"changed\": {\"fields\": [\"Editor status\"]}}]"}}, {"model": "admin.logentry", "pk": 25, "fields": {"action_time": "2026-03-19T00:23:13.765Z", "user": 1, "content_type": 6, "object_id": "7", "object_repr": "lerato_editor", "action_flag": 2, "change_message": "[{\"changed\": {\"fields\": [\"Editor status\"]}}]"}}, {"model": "admin.logentry", "pk": 26, "fields": {"action_time": "2026-03-19T00:23:23.342Z", "user": 1, "content_type": 6, "object_id": "6", "object_repr": "thabo_editor", "action_flag": 2, "change_message": "[{\"changed\": {\"fields\": [\"Editor status\"]}}]"}}, {"model": "admin.logentry", "pk": 27, "fields": {"action_time": "2026-03-19T02:17:49.874Z", "user": 1, "content_type": 8, "object_id": "15", "object_repr": "Society & Culture Report (World News Network)", "action_flag": 2, "change_message": "[{\"changed\": {\"fields\": [\"Editors\"]}}]"}}, {"model": "admin.logentry", "pk": 28, "fields": {"action_time": "2026-03-19T02:19:50.660Z", "user": 1, "content_type": 8, "object_id": "14", "object_repr": "International News Review (World News Network)", "action_flag": 2, "change_message": "[{\"changed\": {\"fields\": [\"Editors\"]}}]"}}, {"model": "admin.logentry", "pk": 29, "fields": {"action_time": "2026-03-19T02:20:21.472Z", "user": 1, "content_type": 8, "object_id": "13", "object_repr": "Global Affairs Daily (World News Network)", "action_flag": 2, "change_message": "[{\"changed\": {\"fields\": [\"Editors\"]}}]"}}, {"model": "admin.logentry", "pk": 30, "fields": {"action_time": "2026-03-19T02:21:36.113Z", "user": 1, "content_type": 8, "object_id": "12", "object_repr": "Global Development Studies (Knowledge Research Institute Press)", "action_flag": 2, "change_message": "[{\"changed\": {\"fields\": [\"Editors\"]}}]"}}, {"model": "admin.logentry", "pk": 31, "fields": {"action_time": "2026-03-19T02:21:55.233Z", "user": 1, "content_type": 8, "object_id": "11", "object_repr": "Education & Skills Review (Knowledge Research Institute Press)", "action_flag": 2, "change_message": "[{\"changed\": {\"fields\": [\"Editors\"]}}]"}}, {"model": "admin.logentry", "pk": 32, "fields": {"action_time": "2026-03-19T02:22:06.760Z", "user": 1, "content_type": 8, "object_id": "10", "object_repr": "Policy Research Quarterly (Knowledge Research Institute Press)", "action_flag": 2, "change_message": "[{\"changed\": {\"fields\": [\"Editors\"]}}]"}}, {"model": "admin.logentry", "pk": 33, "fields": {"action_time": "2026-03-19T02:22:18.325Z", "user": 1, "content_type": 8, "object_id": "9", "object_repr": "Cybersecurity intelligence (Aurora Technology Media)", "action_flag": 2, "change_message": "[{\"changed\": {\"fields\": [\"Editors\"]}}]"}}, {"model": "admin.logentry", "pk": 34, "fields": {"action_time": "2026-03-19T02:22:32.828Z", "user": 1, "content_type": 8, "object_id": "8", "object_repr": "Software Engineering Today (Aurora Technology Media)", "action_flag": 2, "change_message": "[{\"changed\": {\"fields\": [\"Editors\"]}}]"}}, {"model": "admin.logentry", "pk": 35, "fields": {"action_time": "2026-03-19T02:22:54.381Z", "user": 1, "content_type": 8, "object_id": "7", "object_repr": "AI & Innovation Review (Aurora Technology Media)", "action_flag": 2, "change_message": "[{\"changed\": {\"fields\": [\"Editors\"]}}]"}}, {"model": "admin.logentry", "pk": 36, "fields": {"action_time": "2026-03-19T02:23:28.826Z", "user": 1, "content_type": 8, "object_id": "6", "object_repr": "Corporate Finance Journal (Global Finance Media)", "action_flag": 2, "change_message": "[{\"changed\": {\"fields\": [\"Editors\"]}}]"}}, {"model": "admin.logentry", "pk": 37, "fields": {"action_time": "2026-03-19T02:23:43.180Z", "user": 1, "content_type": 8, "object_id": "5", "object_repr": "Investment Insights Review (Global Finance Media)", "action_flag": 2, "change_message": "[{\"changed\": {\"fields\": [\"Editors\"]}}]"}}, {"model": "admin.logentry", "pk": 38, "fields": {"action_time": "2026-03-19T02:23:56.570Z", "user": 1, "content_type": 8, "object_id": "4", "object_repr": "Financial Strategy Weekly (Global Finance Media)", "action_flag": 2, "change_message": "[{\"changed\": {\"fields\": [\"Editors\"]}}]"}}, {"model": "admin.logentry", "pk": 39, "fields": {"action_time": "2026-03-19T02:24:13.561Z", "user": 1, "content_type": 8, "object_id": "3", "object_repr": "Executive Leadership Journal (Continental Business Press)", "action_flag": 2, "change_message": "[{\"changed\": {\"fields\": [\"Editors\"]}}]"}}, {"model": "admin.logentry", "pk": 40, "fields": {"action_time": "2026-03-19T02:24:20.057Z", "user": 1, "content_type": 8, "object_id": "2", "object_repr": "Strategic Business Report (Continental Business Press)", "action_flag": 2, "change_message": "[{\"changed\": {\"fields\": [\"Editors\"]}}]"}}, {"model": "admin.logentry", "pk": 41, "fields": {"action_time": "2026-03-19T02:24:31.433Z", "user": 1, "content_type": 8, "object_id": "2", "object_repr": "Strategic Business Report (Continental Business Press)", "action_flag": 2, "change_message": "[]"}}, {"model": "admin.logentry", "pk": 42, "fields": {"action_time": "2026-03-19T02:24:35.354Z", "user": 1, "content_type": 8, "object_id": "2", "object_repr": "Strategic Business Report (Continental Business Press)", "action_flag": 2, "change_message": "[]"}}, {"model": "admin.logentry", "pk": 43, "fields": {"action_time": "2026-03-19T02:24:38.736Z", "user": 1, "content_type": 8, "object_id": "3", "object_repr": "Executive Leadership Journal (Continental Business Press)", "action_flag": 2, "change_message": "[]"}}, {"model": "admin.logentry", "pk": 44, "fields": {"action_time": "2026-03-19T02:24:43.977Z", "user": 1, "content_type": 8, "object_id": "1", "object_repr": "Emerging Markets Review (Continental Business Press)", "action_flag": 2, "change_message": "[{\"changed\": {\"fields\": [\"Editors\"]}}]"}}, {"model": "auth.permission", "pk": 1, "fields": {"name": "Can add log entry", "content_type": 1, "codename": "add_logentry"}}, {"model": "auth.permission", "pk": 2, "fields": {"name": "Can change log entry", "content_type": 1, "codename": "change_logentry"}}, {"model": "auth.permission", "pk": 3, "fields": {"name": "Can delete log entry", "content_type": 1, "codename": "delete_logentry"}}, {"model": "auth.permission", "pk": 4, "fields": {"name": "Can view log entry", "content_type": 1, "codename": "view_logentry"}}, {"model": "auth.permission", "pk": 5, "fields": {"name": "Can add permission", "content_type": 2, "codename": "add_permission"}}, {"model": "auth.permission", "pk": 6, "fields": {"name": "Can change permission", "content_type": 2, "codename": "change_permission"}}, {"model": "auth.permission", "pk": 7, "fields": {"name": "Can delete permission", "content_type": 2, "codename": "delete_permission"}}, {"model": "auth.permission", "pk": 8, "fields": {"name": "Can view permission", "content_type": 2, "codename": "view_permission"}}, {"model": "auth.permission", "pk": 9, "fields": {"name": "Can add group", "content_type": 3, "codename": "add_group"}}, {"model": "auth.permission", "pk": 10, "fields": {"name": "Can change group", "content_type": 3, "codename": "change_group"}}, {"model": "auth.permission", "pk": 11, "fields": {"name": "Can delete group", "content_type": 3, "codename": "delete_group"}}, {"model": "auth.permission", "pk": 12, "fields": {"name": "Can view group", "content_type": 3, "codename": "view_group"}}, {"model": "auth.permission", "pk": 13, "fields": {"name": "Can add content type", "content_type": 4, "codename": "add_contenttype"}}, {"model": "auth.permission", "pk": 14, "fields": {"name": "Can change content type", "content_type": 4, "codename": "change_contenttype"}}, {"model": "auth.permission", "pk": 15, "fields": {"name": "Can delete content type", "content_type": 4, "codename": "delete_contenttype"}}, {"model": "auth.permission", "pk": 16, "fields": {"name": "Can view content type", "content_type": 4, "codename": "view_contenttype"}}, {"model": "auth.permission", "pk": 17, "fields": {"name": "Can add session", "content_type": 5, "codename": "add_session"}}, {"model": "auth.permission", "pk": 18, "fields": {"name": "Can change session", "content_type": 5, "codename": "change_session"}}, {"model": "auth.permission", "pk": 19, "fields": {"name": "Can delete session", "content_type": 5, "codename": "delete_session"}}, {"model": "auth.permission", "pk": 20, "fields": {"name": "Can view session", "content_type": 5, "codename": "view_session"}}, {"model": "auth.permission", "pk": 21, "fields": {"name": "Can add user", "content_type": 6, "codename": "add_customuser"}}, {"model": "auth.permission", "pk": 22, "fields": {"name": "Can change user", "content_type": 6, "codename": "change_customuser"}}, {"model": "auth.permission", "pk": 23, "fields": {"name": "Can delete user", "content_type": 6, "codename": "delete_customuser"}}, {"model": "auth.permission", "pk": 24, "fields": {"name": "Can view user", "content_type": 6, "codename": "view_customuser"}}, {"model": "auth.permission", "pk": 25, "fields": {"name": "Can add publisher", "content_type": 7, "codename": "add_publisher"}}, {"model": "auth.permission", "pk": 26, "fields": {"name": "Can change publisher", "content_type": 7, "codename": "change_publisher"}}, {"model": "auth.permission", "pk": 27, "fields": {"name": "Can delete publisher", "content_type": 7, "codename": "delete_publisher"}}, {"model": "auth.permission", "pk": 28, "fields": {"name": "Can view publisher", "content_type": 7, "codename": "view_publisher"}}, {"model": "auth.permission", "pk": 29, "fields": {"name": "Can add publication", "content_type": 8, "codename": "add_publication"}}, {"model": "auth.permission", "pk": 30, "fields": {"name": "Can change publication", "content_type": 8, "codename": "change_publication"}}, {"model": "auth.permission", "pk": 31, "fields": {"name": "Can delete publication", "content_type": 8, "codename": "delete_publication"}}, {"model": "auth.permission", "pk": 32, "fields": {"name": "Can view publication", "content_type": 8, "codename": "view_publication"}}, {"model": "auth.permission", "pk": 33, "fields": {"name": "Can add newsletter", "content_type": 9, "codename": "add_newsletter"}}, {"model": "auth.permission", "pk": 34, "fields": {"name": "Can change newsletter", "content_type": 9, "codename": "change_newsletter"}}, {"model": "auth.permission", "pk": 35, "fields": {"name": "Can delete newsletter", "content_type": 9, "codename": "delete_newsletter"}}, {"model": "auth.permission", "pk": 36, "fields": {"name": "Can view newsletter", "content_type": 9, "codename": "view_newsletter"}}, {"model": "auth.permission", "pk": 37, "fields": {"name": "Can add article", "content_type": 10, "codename": "add_article"}}, {"model": "auth.permission", "pk": 38, "fields": {"name": "Can change article", "content_type": 10, "codename": "change_article"}}, {"model": "auth.permission", "pk": 39, "fields": {"name": "Can delete article", "content_type": 10, "codename": "delete_article"}}, {"model": "auth.permission", "pk": 40, "fields": {"name": "Can view article", "content_type": 10, "codename": "view_article"}}, {"model": "auth.group", "pk": 1, "fields": {"name": "Reader", "permissions": []}}, {"model": "auth.group", "pk": 2, "fields": {"name": "Journalist", "permissions": []}}, {"model": "auth.group", "pk": 3, "fields": {"name": "Editor", "permissions": []}}, {"model": "contenttypes.contenttype", "pk": 1, "fields": {"app_label": "admin", "model": "logentry"}}, {"model": "contenttypes.contenttype", "pk": 2, "fields": {"app_label": "auth", "model": "permission"}}, {"model": "contenttypes.contenttype", "pk": 3, "fields": {"app_label": "auth", "model": "group"}}, {"model": "contenttypes.contenttype", "pk": 4, "fields": {"app_label": "contenttypes", "model": "contenttype"}}, {"model": "contenttypes.contenttype", "pk": 5, "fields": {"app_label": "sessions", "model": "session"}}, {"model": "contenttypes.contenttype", "pk": 6, "fields": {"app_label": "users", "model": "customuser"}}, {"model": "contenttypes.contenttype", "pk": 7, "fields": {"app_label": "publication", "model": "publisher"}}, {"model": "contenttypes.contenttype", "pk": 8, "fields": {"app_label": "publication", "model": "publication"}}, {"model": "contenttypes.contenttype", "pk": 9, "fields": {"app_label": "content", "model": "newsletter"}}, {"model": "contenttypes.contenttype", "pk": 10, "fields": {"app_label": "content", "model": "article"}}, {"model": "sessions.session", "pk": "pdj1gkyofjeps7r4inyvfnqml94mch3o", "fields": {"session_data": ".eJxVjMsOwiAUBf-FtSHIo4BL934D4T6QqqFJaVfGf7dNutDtzJzzFimvS01r5zmNJC5Ci9Mvg4xPbrugR273SeLUlnkEuSfysF3eJuLX9Wj_DmrudVszDt6y0ljQRm8NQDCFjEc4Y9ygArZZU3EuROMUsc8xhkCKAw9BK_H5AgaHOHo:1w7L3n:qbP7_Y9tIr5N4Ful1lzagx_LlrI0DLQyZCDWaqib1JU", "expire_date": "2026-04-13T22:26:15.506Z"}}, {"model": "users.customuser", "pk": 1, "fields": {"password": "pbkdf2_sha256$600000$LTWZ8MEIUnFVCm9Q8407Pv$Ad7+0ZhI7obpoIgK9con1OVqIQ/xAi9794ePsQZkS0E=", "last_login": "2026-03-29T13:52:24.520Z", "is_superuser": true, "username": "Slindo", "first_name": "", "last_name": "", "email": "silindokuhle.majozi1315@gmail.com", "is_staff": true, "is_active": true, "date_joined": "2026-03-11T22:32:45.340Z", "role": "reader", "editor_status": "pending", "groups": [1], "user_permissions": [], "subscribed_journalists": [13, 2]}}, {"model": "users.customuser", "pk": 2, "fields": {"password": "pbkdf2_sha256$600000$ChK8ymn7OpVA0drblazkYX$+fMMUeqM445+paQpew6E5p3OAe3pwskMh6zCYe26Zok=", "last_login": "2026-03-30T22:26:15.502Z", "is_superuser": false, "username": "daniel_journalist", "first_name": "", "last_name": "", "email": "daniel@newsdemo.com", "is_staff": false, "is_active": true, "date_joined": "2026-03-16T23:06:49.119Z", "role": "journalist", "editor_status": "approved", "groups": [2], "user_permissions": [], "subscribed_journalists": []}}, {"model": "users.customuser", "pk": 3, "fields": {"password": "pbkdf2_sha256$600000$q09TmOJuTyNt9R5TOVykGz$e1V56gL/bDX8nly/BLn3SXjErMfYAycYmVS5f/dkfvA=", "last_login": "2026-03-16T23:21:38.369Z", "is_superuser": false, "username": "sarah_reports", "first_name": "", "last_name": "", "email": "sarah@newsdemo.com", "is_staff": false, "is_active": true, "date_joined": "2026-03-16T23:21:27.847Z", "role": "journalist", "editor_status": "approved", "groups": [2], "user_permissions": [], "subscribed_journalists": []}}, {"model": "users.customuser", "pk": 4, "fields": {"password": "pbkdf2_sha256$600000$PmMuPlPq0JRwcacJ6q9v5b$Aa1A0h8aXmugqV2+YWCW2J3qAWGQGE44XCBiYLj++x4=", "last_login": "2026-03-16T23:22:42.949Z", "is_superuser": false, "username": "michael_writer", "first_name": "", "last_name": "", "email": "michael@newsdemo.com", "is_staff": false, "is_active": true, "date_joined": "2026-03-16T23:22:32.502Z", "role": "journalist", "editor_status": "approved", "groups": [2], "user_permissions": [], "subscribed_journalists": []}}, {"model": "users.customuser", "pk": 6, "fields": {"password": "pbkdf2_sha256$600000$KiL8MxTgLgeI5nKAFUwvIu$9cwSQEFK00fUkr3p4ulby1c00jQV7qPX1i5IGxyZEM0=", "last_login": "2026-03-20T19:17:09.137Z", "is_superuser": false, "username": "thabo_editor", "first_name": "", "last_name": "", "email": "thabo@businesspress.com", "is_staff": false, "is_active": true, "date_joined": "2026-03-19T00:00:18Z", "role": "editor", "editor_status": "approved", "groups": [3], "user_permissions": [], "subscribed_journalists": []}}, {"model": "users.customuser", "pk": 7, "fields": {"password": "pbkdf2_sha256$600000$vbNGXqzaSxIrrBbjDWvElw$FdfKXFJAr49eZtaoSsBYPGqZYfeZjezha3miQK+MuHY=", "last_login": null, "is_superuser": false, "username": "lerato_editor", "first_name": "", "last_name": "", "email": "lerato@finance.com", "is_staff": false, "is_active": true, "date_joined": "2026-03-19T00:01:28Z", "role": "editor", "editor_status": "approved", "groups": [3], "user_permissions": [], "subscribed_journalists": []}}, {"model": "users.customuser", "pk": 8, "fields": {"password": "pbkdf2_sha256$600000$MT84QsoVHqIekiCS3WfVS1$5f4TOw1wRq/KyHP13Nx5Y7AafTmoGwOQYVweUwH/S9I=", "last_login": "2026-03-29T13:58:16.137Z", "is_superuser": false, "username": "jason_editor", "first_name": "", "last_name": "", "email": "jason@techmedia.com", "is_staff": false, "is_active": true, "date_joined": "2026-03-19T00:02:38Z", "role": "editor", "editor_status": "approved", "groups": [3], "user_permissions": [], "subscribed_journalists": []}}, {"model": "users.customuser", "pk": 9, "fields": {"password": "pbkdf2_sha256$600000$JKsqyARJKZeQaMfKSu89Nj$utFdXtONYu7ql4Vnqa/0BTl5TAGGI4qglUJwbqrZ800=", "last_login": null, "is_superuser": false, "username": "aisha_editor", "first_name": "", "last_name": "", "email": "aisha@researchpress.com", "is_staff": false, "is_active": true, "date_joined": "2026-03-19T00:05:13Z", "role": "editor", "editor_status": "approved", "groups": [3], "user_permissions": [], "subscribed_journalists": []}}, {"model": "users.customuser", "pk": 10, "fields": {"password": "pbkdf2_sha256$600000$al6BLbNDgBNSfB7uYhgBIj$z0RRBqhWR0CkwHDmWAR5Gzt28X+mci7L3s4qngbSAbc=", "last_login": null, "is_superuser": false, "username": "zanele_editor", "first_name": "", "last_name": "", "email": "zanele@worldnews.com", "is_staff": false, "is_active": true, "date_joined": "2026-03-19T00:18:14Z", "role": "editor", "editor_status": "approved", "groups": [3], "user_permissions": [], "subscribed_journalists": []}}, {"model": "users.customuser", "pk": 11, "fields": {"password": "pbkdf2_sha256$600000$bWwWcXnpwFtH0TBI2Aeuxy$Gn8h4AKed4b+rOaXjDfguLdeh8WpvWwHvSgHwsMZUj0=", "last_login": "2026-03-19T03:33:09.794Z", "is_superuser": false, "username": "kevin_dev", "first_name": "", "last_name": "", "email": "kevin@newsrep.com", "is_staff": false, "is_active": true, "date_joined": "2026-03-19T02:27:21.973Z", "role": "journalist", "editor_status": "approved", "groups": [2], "user_permissions": [], "subscribed_journalists": []}}, {"model": "users.customuser", "pk": 12, "fields": {"password": "pbkdf2_sha256$600000$zN26CPwZYS2oj9m3xympjc$dWFIYXWONRTV2x6gwRtAZKFYT9RhBULUQCaJwmPsYTI=", "last_login": null, "is_superuser": false, "username": "rosa_ai", "first_name": "", "last_name": "", "email": "rosa@newsai.com", "is_staff": false, "is_active": true, "date_joined": "2026-03-19T03:55:56.109Z", "role": "journalist", "editor_status": "pending", "groups": [2], "user_permissions": [], "subscribed_journalists": []}}, {"model": "users.customuser", "pk": 13, "fields": {"password": "pbkdf2_sha256$600000$2b3LRtpVolv5Hni09HOi7u$r0DP2GqD/Hn1QQMuJmHOnWFRufF9Kxjwm7/hU+Z1c8g=", "last_login": "2026-03-29T13:57:08.389Z", "is_superuser": false, "username": "brian_codes", "first_name": "", "last_name": "", "email": "brian@newscode.com", "is_staff": false, "is_active": true, "date_joined": "2026-03-19T04:23:12.918Z", "role": "journalist", "editor_status": "approved", "groups": [2], "user_permissions": [], "subscribed_journalists": []}}, {"model": "users.customuser", "pk": 14, "fields": {"password": "pbkdf2_sha256$600000$eiopEFMNZL6jOoFDBPiNwt$qOYhi1b09oPaEfA1PLQdvyESuGKCSHxjJ6L+/bEjP6Y=", "last_login": "2026-03-19T04:24:42.290Z", "is_superuser": false, "username": "lisa_data", "first_name": "", "last_name": "", "email": "lisa@newsdata.com", "is_staff": false, "is_active": true, "date_joined": "2026-03-19T04:24:41.891Z", "role": "journalist", "editor_status": "approved", "groups": [2], "user_permissions": [], "subscribed_journalists": []}}, {"model": "users.customuser", "pk": 15, "fields": {"password": "pbkdf2_sha256$600000$TSATVhCmxUIpCI8uXstOsn$NbeFnK9DA1xtS9hjf9KGxz+TyOe/1CpYlMKX/D2R1js=", "last_login": "2026-03-19T04:25:56.531Z", "is_superuser": false, "username": "andrew_security", "first_name": "", "last_name": "", "email": "andrew@newssecurity.com", "is_staff": false, "is_active": true, "date_joined": "2026-03-19T04:25:56.135Z", "role": "journalist", "editor_status": "approved", "groups": [2], "user_permissions": [], "subscribed_journalists": []}}, {"model": "publication.publisher", "pk": 1, "fields": {"name": "Continental Business Press", "description": "Business intelligence and economic reporting across global and emerging markets.", "subscribers": [1]}}, {"model": "publication.publisher", "pk": 2, "fields": {"name": "Global Finance Media", "description": "Financial news, investment analysis, and corporate strategy insights.", "subscribers": [1]}}, {"model": "publication.publisher", "pk": 3, "fields": {"name": "Aurora Technology Media", "description": "Technology journalism covering AI, software engineering, and cybersecurity.", "subscribers": []}}, {"model": "publication.publisher", "pk": 4, "fields": {"name": "Knowledge Research Institute Press", "description": "Academic and policy research publishing organisation.", "subscribers": []}}, {"model": "publication.publisher", "pk": 5, "fields": {"name": "World News Network", "description": "General news publisher covering global events, politics and society.", "subscribers": []}}, {"model": "publication.publication", "pk": 1, "fields": {"name": "Emerging Markets Review", "publisher": 1, "description": "Analysis of economic growth, investment opportunities, and financial risks in emerging economies.", "editors": [6], "pending_editors": [6], "approved_journalists": [], "pending_journalists": [13]}}, {"model": "publication.publication", "pk": 2, "fields": {"name": "Strategic Business Report", "publisher": 1, "description": "Insights into corporate strategy, management practices, and organisational performance.", "editors": [6], "pending_editors": [6], "approved_journalists": [], "pending_journalists": [11]}}, {"model": "publication.publication", "pk": 3, "fields": {"name": "Executive Leadership Journal", "publisher": 1, "description": "Thought leadership on executive decision-making, corporate governance, and leadership development.", "editors": [6], "pending_editors": [6], "approved_journalists": [], "pending_journalists": []}}, {"model": "publication.publication", "pk": 4, "fields": {"name": "Financial Strategy Weekly", "publisher": 2, "description": "Coverage of financial planning, risk management, and strategic financial decision-making.", "editors": [7], "pending_editors": [7], "approved_journalists": [], "pending_journalists": []}}, {"model": "publication.publication", "pk": 5, "fields": {"name": "Investment Insights Review", "publisher": 2, "description": "Market analysis and investment trends across equities, commodities, and global markets.", "editors": [7], "pending_editors": [7], "approved_journalists": [], "pending_journalists": []}}, {"model": "publication.publication", "pk": 6, "fields": {"name": "Corporate Finance Journal", "publisher": 2, "description": "Reporting on corporate finance, mergers and acquisitions, and capital structure strategies.", "editors": [7], "pending_editors": [7], "approved_journalists": [], "pending_journalists": []}}, {"model": "publication.publication", "pk": 7, "fields": {"name": "AI & Innovation Review", "publisher": 3, "description": "News and analysis on artificial intelligence, machine learning, and emerging digital innovations.", "editors": [8], "pending_editors": [8], "approved_journalists": [2], "pending_journalists": []}}, {"model": "publication.publication", "pk": 8, "fields": {"name": "Software Engineering Today", "publisher": 3, "description": "Best practices, tools, and methodologies shaping modern software development.", "editors": [8], "pending_editors": [8], "approved_journalists": [13], "pending_journalists": []}}, {"model": "publication.publication", "pk": 9, "fields": {"name": "Cybersecurity intelligence", "publisher": 3, "description": "Updates on cyber threats, data protection, and enterprise security strategies.", "editors": [8], "pending_editors": [8], "approved_journalists": [], "pending_journalists": []}}, {"model": "publication.publication", "pk": 10, "fields": {"name": "Policy Research Quarterly", "publisher": 4, "description": "Research articles examining public policy, governance, and socio-economic development.", "editors": [9], "pending_editors": [9], "approved_journalists": [], "pending_journalists": []}}, {"model": "publication.publication", "pk": 11, "fields": {"name": "Education & Skills Review", "publisher": 4, "description": "Analysis of education systems, workforce development, and skills training initiatives.", "editors": [9], "pending_editors": [9], "approved_journalists": [], "pending_journalists": []}}, {"model": "publication.publication", "pk": 12, "fields": {"name": "Global Development Studies", "publisher": 4, "description": "Research on sustainable development, poverty reduction, and global economic transformation.", "editors": [9], "pending_editors": [9], "approved_journalists": [], "pending_journalists": []}}, {"model": "publication.publication", "pk": 13, "fields": {"name": "Global Affairs Daily", "publisher": 5, "description": "Daily reporting on international relations, diplomacy, and geopolitical developments.", "editors": [10], "pending_editors": [10], "approved_journalists": [], "pending_journalists": []}}, {"model": "publication.publication", "pk": 14, "fields": {"name": "International News Review", "publisher": 5, "description": "In-depth reporting on major global events and breaking international news.", "editors": [10], "pending_editors": [10], "approved_journalists": [], "pending_journalists": []}}, {"model": "publication.publication", "pk": 15, "fields": {"name": "Society & Culture Report", "publisher": 5, "description": "Coverage of social trends, cultural developments, and community issues worldwide.", "editors": [10], "pending_editors": [10], "approved_journalists": [], "pending_journalists": []}}, {"model": "content.article", "pk": 8, "fields": {"title": "The Rise of AI in Everyday Business Operations", "content": "Artificial Intelligence is no longer reserved for large technology companies. Small and medium businesses are increasingly adopting AI tools to improve efficiency, reduce operational costs, and enhance customer experiences.\r\n\r\nFrom automated customer service chatbots to predictive sales analytics, AI is becoming a competitive necessity rather than a luxury. Businesses that fail to adopt digital tools risk falling behind more agile competitors.\r\n\r\nOne major advantage of AI is automation. Tasks such as data capturing, reporting, and email responses can now be handled by intelligent systems, allowing employees to focus on strategic work.\r\n\r\nHowever, challenges remain. Skills shortages and implementation costs still prevent many companies from fully adopting AI. Experts suggest businesses should start small by automating one process before scaling.\r\n\r\nThe future of business will likely belong to companies that combine human decision-making with AI efficiency.", "publication_date": "2026-03-23T02:10:38.920Z", "update_date": "2026-03-23T02:10:38.920Z", "journalist": 2, "publication": null, "approval_status": "approved"}}, {"model": "content.article", "pk": 10, "fields": {"title": "The Role of AI in Driving Innovation", "content": "Artificial Intelligence is becoming one of the most important drivers of innovation in modern business. Companies are using AI to automate routine tasks, analyze large amounts of data, and improve decision-making processes.\r\n\r\nMany industries such as finance, healthcare, and construction are adopting AI tools to improve efficiency and reduce costs. For example, AI can help businesses predict customer needs, identify risks, and improve service delivery.\r\n\r\nWhile AI offers many opportunities, companies must also invest in skills development and ethical technology use to ensure responsible innovation.\r\n\r\nAs technology continues to evolve, organisations that embrace AI will be better positioned to compete and grow in an increasingly digital world.", "publication_date": "2026-03-23T22:49:44.626Z", "update_date": "2026-03-23T22:59:51.177Z", "journalist": 2, "publication": 7, "approval_status": "approved"}}, {"model": "content.article", "pk": 12, "fields": {"title": "Why Software Engineers Must Think Like Problem Solvers, Not Just Coders", "content": "In today’s fast-changing technology landscape, the most valuable software engineers are not those who simply know the most programming languages, but those who understand how to solve real problems.\r\n\r\nModern software engineering is no longer just about writing clean code. It is about understanding business needs, user behaviour, scalability challenges, and how technology creates value. The best engineers approach development with curiosity, asking questions like:\r\nWhat problem are we really solving?\r\nWho does this impact?\r\nWhat is the simplest effective solution?\r\n\r\nThis mindset separates average developers from high-impact engineers.\r\n\r\nAs artificial intelligence, cloud computing, and automation continue to reshape industries, engineers must also develop complementary skills such as communication, systems thinking, and adaptability. Writing code is only one part of the job. Explaining technical decisions, collaborating with teams, and thinking strategically are becoming just as important.\r\n\r\nFor aspiring engineers, the lesson is simple: focus less on memorising syntax and more on developing problem-solving ability. Learn how systems connect. Learn how businesses operate. Learn how users think.\r\n\r\nBecause in the end, companies do not hire engineers to write code.\r\n\r\nThey hire engineers to solve problems.", "publication_date": "2026-03-25T03:42:53.545Z", "update_date": "2026-03-25T18:17:01.043Z", "journalist": 13, "publication": 8, "approval_status": "approved"}}, {"model": "content.article", "pk": 14, "fields": {"title": "Write Code Like Someone Else Will Maintain It", "content": "One of the biggest mistakes junior developers make is writing code that works but is difficult to understand. In professional environments, code is read far more often than it is written.\r\n\r\nClean, simple, and readable code is a sign of engineering maturity. This includes using meaningful variable names, keeping functions small, and avoiding unnecessary complexity.\r\n\r\nA good rule many senior engineers follow is this: always write code as if the next person maintaining it is someone seeing it for the first time.\r\n\r\nBecause good code doesn’t just solve problems — it makes future problems easier to solve too.", "publication_date": "2026-03-29T13:57:58.461Z", "update_date": "2026-03-29T13:58:25.182Z", "journalist": 13, "publication": 8, "approval_status": "approved"}}, {"model": "content.newsletter", "pk": 1, "fields": {"title": "This Week in Business and Technology", "content": "This week I explored how AI is changing business operations and why collaboration is becoming a survival strategy for startups.\r\n\r\nTop stories this week:\r\n\r\n• AI adoption in SMEs is accelerating\r\n• Startup partnerships are increasing\r\n• Personal branding is becoming essential\r\n\r\nJournalist's Note:\r\nMy mission is to provide practical insights that help professionals and businesses grow.\r\n\r\nStay informed. Stay competitive.", "publication_date": "2026-03-23T02:13:17.732Z", "update_date": "2026-03-23T02:13:17.732Z", "journalist": 2, "publication": null, "approval_status": "approved"}}, {"model": "content.newsletter", "pk": 2, "fields": {"title": "Innovation Insights – March Edition", "content": "Innovation is no longer optional.\r\n\r\nThis month we focus on:\r\n\r\n• AI adoption trends\r\n• Digital transformation\r\n• Media innovation\r\n• Future skills\r\n\r\nOrganisations that embrace change early position themselves for long-term growth.", "publication_date": "2026-03-23T22:57:19.261Z", "update_date": "2026-03-24T00:42:02.207Z", "journalist": 2, "publication": 7, "approval_status": "approved"}}, {"model": "content.newsletter", "pk": 4, "fields": {"title": "The Engineers Who Will Win the Future Won’t Just Be Coders", "content": "The software industry is changing fast. The engineers who will stand out in the next decade will not just be technical experts — they will be problem solvers.\r\n\r\nCompanies are increasingly looking for engineers who understand impact, not just implementation. This means thinking beyond the code and understanding how your work affects users, revenue, and growth.\r\n\r\nThis week’s engineering reminder:\r\n→ Focus on solving problems, not just completing tasks\r\n→ Learn how your product creates value\r\n→ Stay curious about new technologies\r\n\r\nTechnology changes. Strong thinking does not.\r\n\r\nThe question every engineer should ask is:\r\n\"Am I just writing code, or am I building solutions?\"", "publication_date": "2026-03-25T02:01:14.624Z", "update_date": "2026-03-25T18:27:42.027Z", "journalist": 13, "publication": 8, "approval_status": "approved"}}]